"fname","lname","wk","year","plyr_team","opp_team"
" Tom"," Brady","3","2014","NE","OAK"
" Drew"," Brees","3","2014","NO","MIN"
" Derek"," Carr","3","2014","OAK","NE"
" Jay"," Cutler","3","2014","CHI","NYJ"
" Andy"," Dalton","3","2014","CIN","TEN"
" Austin"," Davis","3","2014","STL","DAL"
" Ryan"," Fitzpatrick","3","2014","HOU","NYG"
" Joe"," Flacco","3","2014","BAL","CLE"
" Nick"," Foles","3","2014","PHI","WAS"
" Brian"," Hoyer","3","2014","CLE","BAL"
" Colin"," Kaepernick","3","2014","SF","ARI"
" Jake"," Locker","3","2014","TEN","CIN"
" Andrew"," Luck","3","2014","IND","JAX"
" Eli"," Manning","3","2014","NYG","HOU"
" Peyton"," Manning","3","2014","DEN","SEA"
" Josh"," McCown","3","2014","TB","ATL"
" Philip"," Rivers","3","2014","SD","BUF"
" Aaron"," Rodgers","3","2014","GB","DET"
" Ben"," Roethlisberger","3","2014","PIT","CAR"
" Tony"," Romo","3","2014","DAL","STL"
" Matt"," Ryan","3","2014","ATL","TB"
" Alex"," Smith","3","2014","KC","MIA"
" Geno"," Smith","3","2014","NYJ","CHI"
" Matthew"," Stafford","3","2014","DET","GB"
" Ryan"," Tannehill","3","2014","MIA","KC"
" Russell"," Wilson","3","2014","SEA","DEN"
" Tom"," Brady","4","2014","NE","KC"
" Drew"," Brees","4","2014","NO","DAL"
" Derek"," Carr","4","2014","OAK","MIA"
" Kirk"," Cousins","4","2014","WAS","NYG"
" Jay"," Cutler","4","2014","CHI","GB"
" Ryan"," Fitzpatrick","4","2014","HOU","BUF"
" Joe"," Flacco","4","2014","BAL","CAR"
" Nick"," Foles","4","2014","PHI","SF"
" Colin"," Kaepernick","4","2014","SF","PHI"
" Andrew"," Luck","4","2014","IND","TEN"
" Eli"," Manning","4","2014","NYG","WAS"
" Cam"," Newton","4","2014","CAR","BAL"
" Philip"," Rivers","4","2014","SD","JAX"
" Aaron"," Rodgers","4","2014","GB","CHI"
" Ben"," Roethlisberger","4","2014","PIT","TB"
" Tony"," Romo","4","2014","DAL","NO"
" Matt"," Ryan","4","2014","ATL","MIN"
" Alex"," Smith","4","2014","KC","NE"
" Geno"," Smith","4","2014","NYJ","DET"
" Matthew"," Stafford","4","2014","DET","NYJ"
" Ryan"," Tannehill","4","2014","MIA","OAK"
" Blake"," Bortles","5","2014","JAX","PIT"
" Tom"," Brady","5","2014","NE","CIN"
" Drew"," Brees","5","2014","NO","TB"
" Kirk"," Cousins","5","2014","WAS","SEA"
" Jay"," Cutler","5","2014","CHI","CAR"
" Ryan"," Fitzpatrick","5","2014","HOU","DAL"
" Joe"," Flacco","5","2014","BAL","IND"
" Nick"," Foles","5","2014","PHI","STL"
" Mike"," Glennon","5","2014","TB","NO"
" Colin"," Kaepernick","5","2014","SF","KC"
" Andrew"," Luck","5","2014","IND","BAL"
" Eli"," Manning","5","2014","NYG","ATL"
" Cam"," Newton","5","2014","CAR","CHI"
" Philip"," Rivers","5","2014","SD","NYJ"
" Aaron"," Rodgers","5","2014","GB","MIN"
" Ben"," Roethlisberger","5","2014","PIT","JAX"
" Tony"," Romo","5","2014","DAL","HOU"
" Matt"," Ryan","5","2014","ATL","NYG"
" Alex"," Smith","5","2014","KC","SF"
" Geno"," Smith","5","2014","NYJ","SD"
" Matthew"," Stafford","5","2014","DET","BUF"
" Blake"," Bortles","6","2014","JAX","TEN"
" Tom"," Brady","6","2014","NE","BUF"
" Kirk"," Cousins","6","2014","WAS","ARI"
" Jay"," Cutler","6","2014","CHI","ATL"
" Ryan"," Fitzpatrick","6","2014","HOU","IND"
" Joe"," Flacco","6","2014","BAL","TB"
" Nick"," Foles","6","2014","PHI","NYG"
" Mike"," Glennon","6","2014","TB","BAL"
" Colin"," Kaepernick","6","2014","SF","STL"
" Andrew"," Luck","6","2014","IND","HOU"
" Eli"," Manning","6","2014","NYG","PHI"
" Cam"," Newton","6","2014","CAR","CIN"
" Philip"," Rivers","6","2014","SD","OAK"
" Aaron"," Rodgers","6","2014","GB","MIA"
" Ben"," Roethlisberger","6","2014","PIT","CLE"
" Tony"," Romo","6","2014","DAL","SEA"
" Matt"," Ryan","6","2014","ATL","CHI"
" Geno"," Smith","6","2014","NYJ","DEN"
" Matthew"," Stafford","6","2014","DET","MIN"
" Charlie"," Whitehurst","6","2014","TEN","JAX"
" Blake"," Bortles","7","2014","JAX","CLE"
" Tom"," Brady","7","2014","NE","NYJ"
" Kirk"," Cousins","7","2014","WAS","TEN"
" Jay"," Cutler","7","2014","CHI","MIA"
" Andy"," Dalton","7","2014","CIN","IND"
" Austin"," Davis","7","2014","STL","SEA"
" Ryan"," Fitzpatrick","7","2014","HOU","PIT"
" Joe"," Flacco","7","2014","BAL","ATL"
" Brian"," Hoyer","7","2014","CLE","JAX"
" Colin"," Kaepernick","7","2014","SF","DEN"
" Andrew"," Luck","7","2014","IND","CIN"
" Eli"," Manning","7","2014","NYG","DAL"
" Peyton"," Manning","7","2014","DEN","SF"
" Cam"," Newton","7","2014","CAR","GB"
" Kyle"," Orton","7","2014","BUF","MIN"
" Philip"," Rivers","7","2014","SD","KC"
" Aaron"," Rodgers","7","2014","GB","CAR"
" Ben"," Roethlisberger","7","2014","PIT","HOU"
" Tony"," Romo","7","2014","DAL","NYG"
" Matt"," Ryan","7","2014","ATL","BAL"
" Geno"," Smith","7","2014","NYJ","NE"
" Matthew"," Stafford","7","2014","DET","NO"
" Charlie"," Whitehurst","7","2014","TEN","WAS"
" Russell"," Wilson","7","2014","SEA","STL"
" Blake"," Bortles","8","2014","JAX","MIA"
" Tom"," Brady","8","2014","NE","CHI"
" Teddy"," Bridgewater","8","2014","MIN","TB"
" Derek"," Carr","8","2014","OAK","CLE"
" Jay"," Cutler","8","2014","CHI","NE"
" Andy"," Dalton","8","2014","CIN","BAL"
" Austin"," Davis","8","2014","STL","KC"
" Ryan"," Fitzpatrick","8","2014","HOU","TEN"
" Joe"," Flacco","8","2014","BAL","CIN"
" Brian"," Hoyer","8","2014","CLE","OAK"
" Andrew"," Luck","8","2014","IND","PIT"
" Peyton"," Manning","8","2014","DEN","SD"
" Cam"," Newton","8","2014","CAR","SEA"
" Kyle"," Orton","8","2014","BUF","NYJ"
" Carson"," Palmer","8","2014","ARI","PHI"
" Philip"," Rivers","8","2014","SD","DEN"
" Aaron"," Rodgers","8","2014","GB","NO"
" Ben"," Roethlisberger","8","2014","PIT","IND"
" Tony"," Romo","8","2014","DAL","WAS"
" Matt"," Ryan","8","2014","ATL","DET"
" Geno"," Smith","8","2014","NYJ","BUF"
" Matthew"," Stafford","8","2014","DET","ATL"
" Ryan"," Tannehill","8","2014","MIA","JAX"
" Russell"," Wilson","8","2014","SEA","CAR"
" Blake"," Bortles","9","2014","JAX","CIN"
" Tom"," Brady","9","2014","NE","DEN"
" Drew"," Brees","9","2014","NO","CAR"
" Teddy"," Bridgewater","9","2014","MIN","WAS"
" Derek"," Carr","9","2014","OAK","SEA"
" Andy"," Dalton","9","2014","CIN","JAX"
" Austin"," Davis","9","2014","STL","SF"
" Ryan"," Fitzpatrick","9","2014","HOU","PHI"
" Joe"," Flacco","9","2014","BAL","PIT"
" Brian"," Hoyer","9","2014","CLE","TB"
" Andrew"," Luck","9","2014","IND","NYG"
" Peyton"," Manning","9","2014","DEN","NE"
" Cam"," Newton","9","2014","CAR","NO"
" Carson"," Palmer","9","2014","ARI","DAL"
" Philip"," Rivers","9","2014","SD","MIA"
" Ben"," Roethlisberger","9","2014","PIT","BAL"
" Alex"," Smith","9","2014","KC","NYJ"
" Ryan"," Tannehill","9","2014","MIA","SD"
" Michael"," Vick","9","2014","NYJ","KC"
" Russell"," Wilson","9","2014","SEA","OAK"
" Blake"," Bortles","10","2014","JAX","DAL"
" Drew"," Brees","10","2014","NO","SF"
" Derek"," Carr","10","2014","OAK","DEN"
" Andy"," Dalton","10","2014","CIN","CLE"
" Austin"," Davis","10","2014","STL","ARI"
" Joe"," Flacco","10","2014","BAL","TEN"
" Brian"," Hoyer","10","2014","CLE","CIN"
" Peyton"," Manning","10","2014","DEN","OAK"
" Cam"," Newton","10","2014","CAR","PHI"
" Carson"," Palmer","10","2014","ARI","STL"
" Ben"," Roethlisberger","10","2014","PIT","NYJ"
" Alex"," Smith","10","2014","KC","BUF"
" Ryan"," Tannehill","10","2014","MIA","DET"
" Michael"," Vick","10","2014","NYJ","PIT"
" Russell"," Wilson","10","2014","SEA","NYG"
" Drew"," Brees","11","2014","NO","CIN"
" Derek"," Carr","11","2014","OAK","SD"
" Andy"," Dalton","11","2014","CIN","NO"
" Brian"," Hoyer","11","2014","CLE","HOU"
" Colin"," Kaepernick","11","2014","SF","NYG"
" Eli"," Manning","11","2014","NYG","SF"
" Peyton"," Manning","11","2014","DEN","STL"
" Cam"," Newton","11","2014","CAR","ATL"
" Ben"," Roethlisberger","11","2014","PIT","TEN"
" Mark"," Sanchez","11","2014","PHI","GB"
" Alex"," Smith","11","2014","KC","SEA"
" Ryan"," Tannehill","11","2014","MIA","BUF"
" Russell"," Wilson","11","2014","SEA","KC"
" Drew"," Brees","12","2014","NO","BAL"
" Derek"," Carr","12","2014","OAK","KC"
" Jay"," Cutler","12","2014","CHI","TB"
" Andy"," Dalton","12","2014","CIN","HOU"
" Brian"," Hoyer","12","2014","CLE","ATL"
" Colin"," Kaepernick","12","2014","SF","WAS"
" Eli"," Manning","12","2014","NYG","DAL"
" Peyton"," Manning","12","2014","DEN","MIA"
" Josh"," McCown","12","2014","TB","CHI"
" Zach"," Mettenberger","12","2014","TEN","PHI"
" Kyle"," Orton","12","2014","BUF","NYJ"
" Aaron"," Rodgers","12","2014","GB","MIN"
" Matt"," Ryan","12","2014","ATL","CLE"
" Mark"," Sanchez","12","2014","PHI","TEN"
" Alex"," Smith","12","2014","KC","OAK"
" Matthew"," Stafford","12","2014","DET","NE"
" Drew"," Stanton","12","2014","ARI","SEA"
" Ryan"," Tannehill","12","2014","MIA","DEN"
" Russell"," Wilson","12","2014","SEA","ARI"
" Tom"," Brady","13","2014","NE","GB"
" Drew"," Brees","13","2014","NO","PIT"
" Teddy"," Bridgewater","13","2014","MIN","CAR"
" Derek"," Carr","13","2014","OAK","STL"
" Jay"," Cutler","13","2014","CHI","DET"
" Andy"," Dalton","13","2014","CIN","TB"
" Shaun"," Hill","13","2014","STL","OAK"
" Brian"," Hoyer","13","2014","CLE","BUF"
" Colin"," Kaepernick","13","2014","SF","SEA"
" Andrew"," Luck","13","2014","IND","WAS"
" Eli"," Manning","13","2014","NYG","JAX"
" Peyton"," Manning","13","2014","DEN","KC"
" Josh"," McCown","13","2014","TB","CIN"
" Zach"," Mettenberger","13","2014","TEN","HOU"
" Kyle"," Orton","13","2014","BUF","CLE"
" Philip"," Rivers","13","2014","SD","BAL"
" Aaron"," Rodgers","13","2014","GB","NE"
" Matt"," Ryan","13","2014","ATL","ARI"
" Mark"," Sanchez","13","2014","PHI","DAL"
" Alex"," Smith","13","2014","KC","DEN"
" Matthew"," Stafford","13","2014","DET","CHI"
" Drew"," Stanton","13","2014","ARI","ATL"
" Ryan"," Tannehill","13","2014","MIA","NYJ"
" Russell"," Wilson","13","2014","SEA","SF"
" Blake"," Bortles","14","2014","JAX","HOU"
" Tom"," Brady","14","2014","NE","SD"
" Drew"," Brees","14","2014","NO","CAR"
" Teddy"," Bridgewater","14","2014","MIN","NYJ"
" Derek"," Carr","14","2014","OAK","SF"
" Jay"," Cutler","14","2014","CHI","DAL"
" Andy"," Dalton","14","2014","CIN","PIT"
" Joe"," Flacco","14","2014","BAL","MIA"
" Shaun"," Hill","14","2014","STL","WAS"
" Brian"," Hoyer","14","2014","CLE","IND"
" Colin"," Kaepernick","14","2014","SF","OAK"
" Andrew"," Luck","14","2014","IND","CLE"
" Eli"," Manning","14","2014","NYG","TEN"
" Peyton"," Manning","14","2014","DEN","BUF"
" Josh"," McCown","14","2014","TB","DET"
" Zach"," Mettenberger","14","2014","TEN","NYG"
" Kyle"," Orton","14","2014","BUF","DEN"
" Philip"," Rivers","14","2014","SD","NE"
" Aaron"," Rodgers","14","2014","GB","ATL"
" Tony"," Romo","14","2014","DAL","CHI"
" Matt"," Ryan","14","2014","ATL","GB"
" Mark"," Sanchez","14","2014","PHI","SEA"
" Alex"," Smith","14","2014","KC","ARI"
" Geno"," Smith","14","2014","NYJ","MIN"
" Matthew"," Stafford","14","2014","DET","TB"
" Drew"," Stanton","14","2014","ARI","KC"
" Ryan"," Tannehill","14","2014","MIA","BAL"
" Russell"," Wilson","14","2014","SEA","PHI"
" Blake"," Bortles","15","2014","JAX","BAL"
" Tom"," Brady","15","2014","NE","MIA"
" Drew"," Brees","15","2014","NO","CHI"
" Teddy"," Bridgewater","15","2014","MIN","DET"
" Derek"," Carr","15","2014","OAK","KC"
" Jay"," Cutler","15","2014","CHI","NO"
" Andy"," Dalton","15","2014","CIN","CLE"
" Ryan"," Fitzpatrick","15","2014","HOU","IND"
" Joe"," Flacco","15","2014","BAL","JAX"
" Shaun"," Hill","15","2014","STL","ARI"
" Colin"," Kaepernick","15","2014","SF","SEA"
" Jake"," Locker","15","2014","TEN","NYJ"
" Andrew"," Luck","15","2014","IND","HOU"
" Eli"," Manning","15","2014","NYG","WAS"
" Peyton"," Manning","15","2014","DEN","SD"
" Josh"," McCown","15","2014","TB","CAR"
" Kyle"," Orton","15","2014","BUF","GB"
" Philip"," Rivers","15","2014","SD","DEN"
" Aaron"," Rodgers","15","2014","GB","BUF"
" Ben"," Roethlisberger","15","2014","PIT","ATL"
" Tony"," Romo","15","2014","DAL","PHI"
" Matt"," Ryan","15","2014","ATL","PIT"
" Mark"," Sanchez","15","2014","PHI","DAL"
" Alex"," Smith","15","2014","KC","OAK"
" Geno"," Smith","15","2014","NYJ","TEN"
" Matthew"," Stafford","15","2014","DET","MIN"
" Drew"," Stanton","15","2014","ARI","STL"
" Ryan"," Tannehill","15","2014","MIA","NE"
" Russell"," Wilson","15","2014","SEA","SF"
" Blake"," Bortles","16","2014","JAX","TEN"
" Tom"," Brady","16","2014","NE","NYJ"
" Drew"," Brees","16","2014","NO","ATL"
" Teddy"," Bridgewater","16","2014","MIN","MIA"
" Derek"," Carr","16","2014","OAK","BUF"
" Andy"," Dalton","16","2014","CIN","DEN"
" Joe"," Flacco","16","2014","BAL","HOU"
" Robert"," Griffin","16","2014","WAS","PHI"
" Shaun"," Hill","16","2014","STL","NYG"
" Colin"," Kaepernick","16","2014","SF","SD"
" Andrew"," Luck","16","2014","IND","DAL"
" Eli"," Manning","16","2014","NYG","STL"
" Peyton"," Manning","16","2014","DEN","CIN"
" Josh"," McCown","16","2014","TB","GB"
" Kyle"," Orton","16","2014","BUF","OAK"
" Philip"," Rivers","16","2014","SD","SF"
" Aaron"," Rodgers","16","2014","GB","TB"
" Ben"," Roethlisberger","16","2014","PIT","KC"
" Tony"," Romo","16","2014","DAL","IND"
" Matt"," Ryan","16","2014","ATL","NO"
" Mark"," Sanchez","16","2014","PHI","WAS"
" Alex"," Smith","16","2014","KC","PIT"
" Geno"," Smith","16","2014","NYJ","NE"
" Matthew"," Stafford","16","2014","DET","CHI"
" Ryan"," Tannehill","16","2014","MIA","MIN"
" Russell"," Wilson","16","2014","SEA","ARI"
" Blake"," Bortles","17","2014","JAX","HOU"
" Tom"," Brady","17","2014","NE","BUF"
" Drew"," Brees","17","2014","NO","TB"
" Teddy"," Bridgewater","17","2014","MIN","CHI"
" Derek"," Carr","17","2014","OAK","DEN"
" Andy"," Dalton","17","2014","CIN","PIT"
" Joe"," Flacco","17","2014","BAL","CLE"
" Robert"," Griffin","17","2014","WAS","DAL"
" Shaun"," Hill","17","2014","STL","SEA"
" Colin"," Kaepernick","17","2014","SF","ARI"
" Andrew"," Luck","17","2014","IND","TEN"
" Eli"," Manning","17","2014","NYG","PHI"
" Peyton"," Manning","17","2014","DEN","OAK"
" Josh"," McCown","17","2014","TB","NO"
" Kyle"," Orton","17","2014","BUF","NE"
" Philip"," Rivers","17","2014","SD","KC"
" Aaron"," Rodgers","17","2014","GB","DET"
" Ben"," Roethlisberger","17","2014","PIT","CIN"
" Tony"," Romo","17","2014","DAL","WAS"
" Matt"," Ryan","17","2014","ATL","CAR"
" Mark"," Sanchez","17","2014","PHI","NYG"
" Geno"," Smith","17","2014","NYJ","MIA"
" Matthew"," Stafford","17","2014","DET","GB"
" Ryan"," Tannehill","17","2014","MIA","NYJ"
" Charlie"," Whitehurst","17","2014","TEN","IND"
" Russell"," Wilson","17","2014","SEA","STL"
" Blake"," Bortles","3","2015","JAX","NE"
" Sam"," Bradford","3","2015","PHI","NYJ"
" Tom"," Brady","3","2015","NE","JAX"
" Teddy"," Bridgewater","3","2015","MIN","SD"
" Derek"," Carr","3","2015","OAK","CLE"
" Kirk"," Cousins","3","2015","WAS","NYG"
" Andy"," Dalton","3","2015","CIN","BAL"
" Ryan"," Fitzpatrick","3","2015","NYJ","PHI"
" Joe"," Flacco","3","2015","BAL","CIN"
" Nick"," Foles","3","2015","STL","PIT"
" Colin"," Kaepernick","3","2015","SF","ARI"
" Andrew"," Luck","3","2015","IND","TEN"
" Eli"," Manning","3","2015","NYG","WAS"
" Peyton"," Manning","3","2015","DEN","DET"
" Marcus"," Mariota","3","2015","TEN","IND"
" Cam"," Newton","3","2015","CAR","NO"
" Carson"," Palmer","3","2015","ARI","SF"
" Philip"," Rivers","3","2015","SD","MIN"
" Aaron"," Rodgers","3","2015","GB","KC"
" Ben"," Roethlisberger","3","2015","PIT","STL"
" Matt"," Ryan","3","2015","ATL","DAL"
" Alex"," Smith","3","2015","KC","GB"
" Matthew"," Stafford","3","2015","DET","DEN"
" Ryan"," Tannehill","3","2015","MIA","BUF"
" Tyrod"," Taylor","3","2015","BUF","MIA"
" Russell"," Wilson","3","2015","SEA","CHI"
" Jameis"," Winston","3","2015","TB","HOU"
" Blake"," Bortles","4","2015","JAX","IND"
" Sam"," Bradford","4","2015","PHI","WAS"
" Teddy"," Bridgewater","4","2015","MIN","DEN"
" Derek"," Carr","4","2015","OAK","CHI"
" Kirk"," Cousins","4","2015","WAS","PHI"
" Andy"," Dalton","4","2015","CIN","KC"
" Ryan"," Fitzpatrick","4","2015","NYJ","MIA"
" Joe"," Flacco","4","2015","BAL","PIT"
" Nick"," Foles","4","2015","STL","ARI"
" Colin"," Kaepernick","4","2015","SF","GB"
" Eli"," Manning","4","2015","NYG","BUF"
" Peyton"," Manning","4","2015","DEN","MIN"
" Cam"," Newton","4","2015","CAR","TB"
" Carson"," Palmer","4","2015","ARI","STL"
" Philip"," Rivers","4","2015","SD","CLE"
" Aaron"," Rodgers","4","2015","GB","SF"
" Matt"," Ryan","4","2015","ATL","HOU"
" Alex"," Smith","4","2015","KC","CIN"
" Matthew"," Stafford","4","2015","DET","SEA"
" Ryan"," Tannehill","4","2015","MIA","NYJ"
" Tyrod"," Taylor","4","2015","BUF","NYG"
" Russell"," Wilson","4","2015","SEA","DET"
" Jameis"," Winston","4","2015","TB","CAR"
" Blake"," Bortles","5","2015","JAX","TB"
" Sam"," Bradford","5","2015","PHI","NO"
" Derek"," Carr","5","2015","OAK","DEN"
" Kirk"," Cousins","5","2015","WAS","ATL"
" Andy"," Dalton","5","2015","CIN","SEA"
" Joe"," Flacco","5","2015","BAL","CLE"
" Nick"," Foles","5","2015","STL","GB"
" Colin"," Kaepernick","5","2015","SF","NYG"
" Eli"," Manning","5","2015","NYG","SF"
" Peyton"," Manning","5","2015","DEN","OAK"
" Josh"," McCown","5","2015","CLE","BAL"
" Carson"," Palmer","5","2015","ARI","DET"
" Philip"," Rivers","5","2015","SD","PIT"
" Aaron"," Rodgers","5","2015","GB","STL"
" Matt"," Ryan","5","2015","ATL","WAS"
" Alex"," Smith","5","2015","KC","CHI"
" Matthew"," Stafford","5","2015","DET","ARI"
" Tyrod"," Taylor","5","2015","BUF","TEN"
" Russell"," Wilson","5","2015","SEA","CIN"
" Jameis"," Winston","5","2015","TB","JAX"
" Blake"," Bortles","6","2015","JAX","HOU"
" Sam"," Bradford","6","2015","PHI","NYG"
" Drew"," Brees","6","2015","NO","ATL"
" Kirk"," Cousins","6","2015","WAS","NYJ"
" Jay"," Cutler","6","2015","CHI","DET"
" Andy"," Dalton","6","2015","CIN","BUF"
" Joe"," Flacco","6","2015","BAL","SF"
" Brian"," Hoyer","6","2015","HOU","JAX"
" Colin"," Kaepernick","6","2015","SF","BAL"
" Eli"," Manning","6","2015","NYG","PHI"
" Peyton"," Manning","6","2015","DEN","CLE"
" Josh"," McCown","6","2015","CLE","DEN"
" Carson"," Palmer","6","2015","ARI","PIT"
" Philip"," Rivers","6","2015","SD","GB"
" Aaron"," Rodgers","6","2015","GB","SD"
" Matt"," Ryan","6","2015","ATL","NO"
" Alex"," Smith","6","2015","KC","MIN"
" Matthew"," Stafford","6","2015","DET","CHI"
" Russell"," Wilson","6","2015","SEA","CAR"
" Blake"," Bortles","7","2015","JAX","BUF"
" Sam"," Bradford","7","2015","PHI","CAR"
" Tom"," Brady","7","2015","NE","NYJ"
" Drew"," Brees","7","2015","NO","IND"
" Kirk"," Cousins","7","2015","WAS","TB"
" Joe"," Flacco","7","2015","BAL","ARI"
" Brian"," Hoyer","7","2015","HOU","MIA"
" Colin"," Kaepernick","7","2015","SF","SEA"
" Eli"," Manning","7","2015","NYG","DAL"
" Josh"," McCown","7","2015","CLE","STL"
" Carson"," Palmer","7","2015","ARI","BAL"
" Philip"," Rivers","7","2015","SD","OAK"
" Matt"," Ryan","7","2015","ATL","TEN"
" Alex"," Smith","7","2015","KC","PIT"
" Matthew"," Stafford","7","2015","DET","MIN"
" Russell"," Wilson","7","2015","SEA","SF"
" Tom"," Brady","8","2015","NE","MIA"
" Drew"," Brees","8","2015","NO","NYG"
" Teddy"," Bridgewater","8","2015","MIN","CHI"
" Ryan"," Fitzpatrick","8","2015","NYJ","OAK"
" Joe"," Flacco","8","2015","BAL","SD"
" Brian"," Hoyer","8","2015","HOU","TEN"
" Colin"," Kaepernick","8","2015","SF","STL"
" Andrew"," Luck","8","2015","IND","CAR"
" Eli"," Manning","8","2015","NYG","NO"
" Josh"," McCown","8","2015","CLE","ARI"
" Zach"," Mettenberger","8","2015","TEN","HOU"
" Cam"," Newton","8","2015","CAR","IND"
" Carson"," Palmer","8","2015","ARI","CLE"
" Philip"," Rivers","8","2015","SD","BAL"
" Matt"," Ryan","8","2015","ATL","TB"
" Alex"," Smith","8","2015","KC","DET"
" Matthew"," Stafford","8","2015","DET","KC"
" Ryan"," Tannehill","8","2015","MIA","NE"
" Russell"," Wilson","8","2015","SEA","DAL"
" Tom"," Brady","9","2015","NE","WAS"
" Drew"," Brees","9","2015","NO","TEN"
" Teddy"," Bridgewater","9","2015","MIN","STL"
" Derek"," Carr","9","2015","OAK","PIT"
" Matt"," Cassel","9","2015","DAL","PHI"
" Ryan"," Fitzpatrick","9","2015","NYJ","JAX"
" Nick"," Foles","9","2015","STL","MIN"
" Colin"," Kaepernick","9","2015","SF","ATL"
" Andrew"," Luck","9","2015","IND","DEN"
" Eli"," Manning","9","2015","NYG","TB"
" Johnny"," Manziel","9","2015","CLE","CIN"
" Cam"," Newton","9","2015","CAR","GB"
" Philip"," Rivers","9","2015","SD","CHI"
" Matt"," Ryan","9","2015","ATL","SF"
" Ryan"," Tannehill","9","2015","MIA","BUF"
" Jameis"," Winston","9","2015","TB","NYG"
" Tom"," Brady","10","2015","NE","NYG"
" Drew"," Brees","10","2015","NO","WAS"
" Teddy"," Bridgewater","10","2015","MIN","OAK"
" Derek"," Carr","10","2015","OAK","MIN"
" Matt"," Cassel","10","2015","DAL","TB"
" Jay"," Cutler","10","2015","CHI","STL"
" Andy"," Dalton","10","2015","CIN","HOU"
" Ryan"," Fitzpatrick","10","2015","NYJ","BUF"
" Nick"," Foles","10","2015","STL","CHI"
" Eli"," Manning","10","2015","NYG","NE"
" Peyton"," Manning","10","2015","DEN","KC"
" Johnny"," Manziel","10","2015","CLE","PIT"
" Cam"," Newton","10","2015","CAR","TEN"
" Aaron"," Rodgers","10","2015","GB","DET"
" Ben"," Roethlisberger","10","2015","PIT","CLE"
" Ryan"," Tannehill","10","2015","MIA","PHI"
" Jameis"," Winston","10","2015","TB","DAL"
" Blake"," Bortles","11","2015","JAX","TEN"
" Tom"," Brady","11","2015","NE","BUF"
" Teddy"," Bridgewater","11","2015","MIN","GB"
" Derek"," Carr","11","2015","OAK","DET"
" Kirk"," Cousins","11","2015","WAS","CAR"
" Jay"," Cutler","11","2015","CHI","DEN"
" Andy"," Dalton","11","2015","CIN","ARI"
" Ryan"," Fitzpatrick","11","2015","NYJ","HOU"
" Marcus"," Mariota","11","2015","TEN","JAX"
" Cam"," Newton","11","2015","CAR","WAS"
" Aaron"," Rodgers","11","2015","GB","MIN"
" Ryan"," Tannehill","11","2015","MIA","DAL"
" Tyrod"," Taylor","11","2015","BUF","NE"
" Jameis"," Winston","11","2015","TB","PHI"
" Blake"," Bortles","12","2015","JAX","SD"
" Tom"," Brady","12","2015","NE","DEN"
" Teddy"," Bridgewater","12","2015","MIN","ATL"
" Derek"," Carr","12","2015","OAK","TEN"
" Kirk"," Cousins","12","2015","WAS","NYG"
" Jay"," Cutler","12","2015","CHI","GB"
" Andy"," Dalton","12","2015","CIN","STL"
" Ryan"," Fitzpatrick","12","2015","NYJ","MIA"
" Marcus"," Mariota","12","2015","TEN","OAK"
" Cam"," Newton","12","2015","CAR","DAL"
" Brock"," Osweiler","12","2015","DEN","NE"
" Carson"," Palmer","12","2015","ARI","SF"
" Aaron"," Rodgers","12","2015","GB","CHI"
" Alex"," Smith","12","2015","KC","BUF"
" Matthew"," Stafford","12","2015","DET","PHI"
" Ryan"," Tannehill","12","2015","MIA","NYJ"
" Tyrod"," Taylor","12","2015","BUF","KC"
" Russell"," Wilson","12","2015","SEA","PIT"
" Jameis"," Winston","12","2015","TB","IND"
" Blake"," Bortles","13","2015","JAX","TEN"
" Tom"," Brady","13","2015","NE","PHI"
" Teddy"," Bridgewater","13","2015","MIN","SEA"
" Derek"," Carr","13","2015","OAK","KC"
" Kirk"," Cousins","13","2015","WAS","DAL"
" Jay"," Cutler","13","2015","CHI","SF"
" Andy"," Dalton","13","2015","CIN","CLE"
" Ryan"," Fitzpatrick","13","2015","NYJ","NYG"
" Blaine"," Gabbert","13","2015","SF","CHI"
" Matt"," Hasselbeck","13","2015","IND","PIT"
" Marcus"," Mariota","13","2015","TEN","JAX"
" Cam"," Newton","13","2015","CAR","NO"
" Brock"," Osweiler","13","2015","DEN","SD"
" Carson"," Palmer","13","2015","ARI","STL"
" Philip"," Rivers","13","2015","SD","DEN"
" Aaron"," Rodgers","13","2015","GB","DET"
" Matt"," Ryan","13","2015","ATL","TB"
" Alex"," Smith","13","2015","KC","OAK"
" Matthew"," Stafford","13","2015","DET","GB"
" Ryan"," Tannehill","13","2015","MIA","BAL"
" Tyrod"," Taylor","13","2015","BUF","HOU"
" Russell"," Wilson","13","2015","SEA","MIN"
" Jameis"," Winston","13","2015","TB","ATL"
" Blake"," Bortles","14","2015","JAX","IND"
" Tom"," Brady","14","2015","NE","HOU"
" Drew"," Brees","14","2015","NO","TB"
" Teddy"," Bridgewater","14","2015","MIN","ARI"
" Derek"," Carr","14","2015","OAK","DEN"
" Matt"," Cassel","14","2015","DAL","GB"
" Kirk"," Cousins","14","2015","WAS","CHI"
" Jay"," Cutler","14","2015","CHI","WAS"
" Andy"," Dalton","14","2015","CIN","PIT"
" Ryan"," Fitzpatrick","14","2015","NYJ","TEN"
" Blaine"," Gabbert","14","2015","SF","CLE"
" Matt"," Hasselbeck","14","2015","IND","JAX"
" Brian"," Hoyer","14","2015","HOU","NE"
" Landry"," Jones","14","2015","PIT","CIN"
" Eli"," Manning","14","2015","NYG","MIA"
" Marcus"," Mariota","14","2015","TEN","NYJ"
" AJ"," McCaron","14","2015","CIN","PIT"
" Cam"," Newton","14","2015","CAR","ATL"
" Brock"," Osweiler","14","2015","DEN","OAK"
" Carson"," Palmer","14","2015","ARI","MIN"
" Philip"," Rivers","14","2015","SD","KC"
" Aaron"," Rodgers","14","2015","GB","DAL"
" Ben"," Roethlisberger","14","2015","PIT","CIN"
" Matt"," Ryan","14","2015","ATL","CAR"
" Alex"," Smith","14","2015","KC","SD"
" Matthew"," Stafford","14","2015","DET","STL"
" Ryan"," Tannehill","14","2015","MIA","NYG"
" Tyrod"," Taylor","14","2015","BUF","PHI"
" Russell"," Wilson","14","2015","SEA","BAL"
" Jameis"," Winston","14","2015","TB","NO"
" Blake"," Bortles","15","2015","JAX","ATL"
" Sam"," Bradford","15","2015","PHI","ARI"
" Tom"," Brady","15","2015","NE","TEN"
" Drew"," Brees","15","2015","NO","DET"
" Teddy"," Bridgewater","15","2015","MIN","CHI"
" Derek"," Carr","15","2015","OAK","GB"
" Matt"," Cassel","15","2015","DAL","NYJ"
" Kirk"," Cousins","15","2015","WAS","BUF"
" Jay"," Cutler","15","2015","CHI","MIN"
" Ryan"," Fitzpatrick","15","2015","NYJ","DAL"
" Blaine"," Gabbert","15","2015","SF","CIN"
" Matt"," Hasselbeck","15","2015","IND","HOU"
" Eli"," Manning","15","2015","NYG","CAR"
" Marcus"," Mariota","15","2015","TEN","NE"
" AJ"," McCaron","15","2015","CIN","SF"
" Cam"," Newton","15","2015","CAR","NYG"
" Brock"," Osweiler","15","2015","DEN","PIT"
" Carson"," Palmer","15","2015","ARI","PHI"
" Philip"," Rivers","15","2015","SD","MIA"
" Aaron"," Rodgers","15","2015","GB","OAK"
" Ben"," Roethlisberger","15","2015","PIT","DEN"
" Matt"," Ryan","15","2015","ATL","JAX"
" Alex"," Smith","15","2015","KC","BAL"
" Matthew"," Stafford","15","2015","DET","NO"
" Ryan"," Tannehill","15","2015","MIA","SD"
" Tyrod"," Taylor","15","2015","BUF","WAS"
" Russell"," Wilson","15","2015","SEA","CLE"
" Jameis"," Winston","15","2015","TB","STL"
" Blake"," Bortles","16","2015","JAX","NO"
" Sam"," Bradford","16","2015","PHI","WAS"
" Tom"," Brady","16","2015","NE","NYJ"
" Drew"," Brees","16","2015","NO","JAX"
" Teddy"," Bridgewater","16","2015","MIN","NYG"
" Derek"," Carr","16","2015","OAK","SD"
" Kirk"," Cousins","16","2015","WAS","PHI"
" Jay"," Cutler","16","2015","CHI","TB"
" Ryan"," Fitzpatrick","16","2015","NYJ","NE"
" Blaine"," Gabbert","16","2015","SF","DET"
" Matt"," Hasselbeck","16","2015","IND","MIA"
" Eli"," Manning","16","2015","NYG","MIN"
" Johnny"," Manziel","16","2015","CLE","KC"
" AJ"," McCaron","16","2015","CIN","DEN"
" Cam"," Newton","16","2015","CAR","ATL"
" Brock"," Osweiler","16","2015","DEN","CIN"
" Carson"," Palmer","16","2015","ARI","GB"
" Philip"," Rivers","16","2015","SD","OAK"
" Aaron"," Rodgers","16","2015","GB","ARI"
" Ben"," Roethlisberger","16","2015","PIT","BAL"
" Matt"," Ryan","16","2015","ATL","CAR"
" Alex"," Smith","16","2015","KC","CLE"
" Matthew"," Stafford","16","2015","DET","SF"
" Ryan"," Tannehill","16","2015","MIA","IND"
" Tyrod"," Taylor","16","2015","BUF","DAL"
" Russell"," Wilson","16","2015","SEA","STL"
" Jameis"," Winston","16","2015","TB","CHI"
" Blake"," Bortles","17","2015","JAX","HOU"
" Sam"," Bradford","17","2015","PHI","NYG"
" Tom"," Brady","17","2015","NE","MIA"
" Drew"," Brees","17","2015","NO","ATL"
" Teddy"," Bridgewater","17","2015","MIN","GB"
" Derek"," Carr","17","2015","OAK","KC"
" Kirk"," Cousins","17","2015","WAS","DAL"
" Jay"," Cutler","17","2015","CHI","DET"
" Ryan"," Fitzpatrick","17","2015","NYJ","BUF"
" Blaine"," Gabbert","17","2015","SF","STL"
" Eli"," Manning","17","2015","NYG","PHI"
" AJ"," McCaron","17","2015","CIN","BAL"
" Zach"," Mettenberger","17","2015","TEN","IND"
" Cam"," Newton","17","2015","CAR","TB"
" Brock"," Osweiler","17","2015","DEN","SD"
" Carson"," Palmer","17","2015","ARI","SEA"
" Philip"," Rivers","17","2015","SD","DEN"
" Aaron"," Rodgers","17","2015","GB","MIN"
" Ben"," Roethlisberger","17","2015","PIT","CLE"
" Matt"," Ryan","17","2015","ATL","NO"
" Alex"," Smith","17","2015","KC","OAK"
" Matthew"," Stafford","17","2015","DET","CHI"
" Ryan"," Tannehill","17","2015","MIA","NE"
" Tyrod"," Taylor","17","2015","BUF","NYJ"
" Russell"," Wilson","17","2015","SEA","ARI"
" Jameis"," Winston","17","2015","TB","CAR"
" Blake"," Bortles","3","2016","JAX","BAL"
" Drew"," Brees","3","2016","NO","ATL"
" Derek"," Carr","3","2016","OAK","TEN"
" Kirk"," Cousins","3","2016","WAS","NYG"
" Andy"," Dalton","3","2016","CIN","DEN"
" Ryan"," Fitzpatrick","3","2016","NYJ","KC"
" Joe"," Flacco","3","2016","BAL","JAX"
" Case"," Keenum","3","2016","LA","TB"
" Andrew"," Luck","3","2016","IND","SD"
" Eli"," Manning","3","2016","NYG","WAS"
" Marcus"," Mariota","3","2016","TEN","OAK"
" Cam"," Newton","3","2016","CAR","MIN"
" Brock"," Osweiler","3","2016","HOU","NE"
" Carson"," Palmer","3","2016","ARI","BUF"
" Dak"," Prescott","3","2016","DAL","CHI"
" Philip"," Rivers","3","2016","SD","IND"
" Aaron"," Rodgers","3","2016","GB","DET"
" Ben"," Roethlisberger","3","2016","PIT","PHI"
" Matt"," Ryan","3","2016","ATL","NO"
" Trevor"," Siemian","3","2016","DEN","CIN"
" Alex"," Smith","3","2016","KC","NYJ"
" Matthew"," Stafford","3","2016","DET","GB"
" Ryan"," Tannehill","3","2016","MIA","CLE"
" Tyrod"," Taylor","3","2016","BUF","ARI"
" Carson"," Wentz","3","2016","PHI","PIT"
" Russell"," Wilson","3","2016","SEA","SF"
" Jameis"," Winston","3","2016","TB","LA"
" Blake"," Bortles","4","2016","JAX","IND"
" Sam"," Bradford","4","2016","MIN","NYG"
" Drew"," Brees","4","2016","NO","SD"
" Derek"," Carr","4","2016","OAK","BAL"
" Kirk"," Cousins","4","2016","WAS","CLE"
" Andy"," Dalton","4","2016","CIN","MIA"
" Ryan"," Fitzpatrick","4","2016","NYJ","SEA"
" Joe"," Flacco","4","2016","BAL","OAK"
" Case"," Keenum","4","2016","LA","ARI"
" Andrew"," Luck","4","2016","IND","JAX"
" Eli"," Manning","4","2016","NYG","MIN"
" Marcus"," Mariota","4","2016","TEN","HOU"
" Cam"," Newton","4","2016","CAR","ATL"
" Brock"," Osweiler","4","2016","HOU","TEN"
" Carson"," Palmer","4","2016","ARI","LA"
" Dak"," Prescott","4","2016","DAL","SF"
" Philip"," Rivers","4","2016","SD","NO"
" Ben"," Roethlisberger","4","2016","PIT","KC"
" Matt"," Ryan","4","2016","ATL","CAR"
" Trevor"," Siemian","4","2016","DEN","TB"
" Alex"," Smith","4","2016","KC","PIT"
" Matthew"," Stafford","4","2016","DET","CHI"
" Ryan"," Tannehill","4","2016","MIA","CIN"
" Tyrod"," Taylor","4","2016","BUF","NE"
" Russell"," Wilson","4","2016","SEA","NYJ"
" Jameis"," Winston","4","2016","TB","DEN"
" Sam"," Bradford","5","2016","MIN","HOU"
" Derek"," Carr","5","2016","OAK","SD"
" Kirk"," Cousins","5","2016","WAS","BAL"
" Andy"," Dalton","5","2016","CIN","DAL"
" Ryan"," Fitzpatrick","5","2016","NYJ","PIT"
" Joe"," Flacco","5","2016","BAL","WAS"
" Case"," Keenum","5","2016","LA","BUF"
" Cody"," Kessler","5","2016","CLE","NE"
" Andrew"," Luck","5","2016","IND","CHI"
" Eli"," Manning","5","2016","NYG","GB"
" Marcus"," Mariota","5","2016","TEN","MIA"
" Brock"," Osweiler","5","2016","HOU","MIN"
" Dak"," Prescott","5","2016","DAL","CIN"
" Philip"," Rivers","5","2016","SD","OAK"
" Ben"," Roethlisberger","5","2016","PIT","NYJ"
" Matt"," Ryan","5","2016","ATL","DEN"
" Matthew"," Stafford","5","2016","DET","PHI"
" Ryan"," Tannehill","5","2016","MIA","TEN"
" Tyrod"," Taylor","5","2016","BUF","LA"
" Jameis"," Winston","5","2016","TB","CAR"
" Derek"," Carr","6","2016","OAK","KC"
" Kirk"," Cousins","6","2016","WAS","PHI"
" Andy"," Dalton","6","2016","CIN","NE"
" Ryan"," Fitzpatrick","6","2016","NYJ","ARI"
" Joe"," Flacco","6","2016","BAL","NYG"
" Landry"," Jones","6","2016","PIT","MIA"
" Case"," Keenum","6","2016","LA","DET"
" Cody"," Kessler","6","2016","CLE","TEN"
" Andrew"," Luck","6","2016","IND","HOU"
" Eli"," Manning","6","2016","NYG","BAL"
" Marcus"," Mariota","6","2016","TEN","CLE"
" Brock"," Osweiler","6","2016","HOU","IND"
" Dak"," Prescott","6","2016","DAL","GB"
" Philip"," Rivers","6","2016","SD","DEN"
" Ben"," Roethlisberger","6","2016","PIT","MIA"
" Matt"," Ryan","6","2016","ATL","SEA"
" Matthew"," Stafford","6","2016","DET","LA"
" Ryan"," Tannehill","6","2016","MIA","PIT"
" Tyrod"," Taylor","6","2016","BUF","SF"
" Tom"," Brady","7","2016","NE","PIT"
" Derek"," Carr","7","2016","OAK","JAX"
" Kirk"," Cousins","7","2016","WAS","DET"
" Andy"," Dalton","7","2016","CIN","CLE"
" Ryan"," Fitzpatrick","7","2016","NYJ","BAL"
" Joe"," Flacco","7","2016","BAL","NYJ"
" Landry"," Jones","7","2016","PIT","NE"
" Case"," Keenum","7","2016","LA","NYG"
" Cody"," Kessler","7","2016","CLE","CIN"
" Andrew"," Luck","7","2016","IND","TEN"
" Eli"," Manning","7","2016","NYG","LA"
" Marcus"," Mariota","7","2016","TEN","IND"
" Brock"," Osweiler","7","2016","HOU","DEN"
" Philip"," Rivers","7","2016","SD","ATL"
" Aaron"," Rodgers","7","2016","GB","CHI"
" Matt"," Ryan","7","2016","ATL","SD"
" Matthew"," Stafford","7","2016","DET","WAS"
" Ryan"," Tannehill","7","2016","MIA","BUF"
" Tyrod"," Taylor","7","2016","BUF","MIA"
" Carson"," Wentz","7","2016","PHI","MIN"
" Blake"," Bortles","8","2016","JAX","TEN"
" Tom"," Brady","8","2016","NE","BUF"
" Drew"," Brees","8","2016","NO","SEA"
" Derek"," Carr","8","2016","OAK","TB"
" Kirk"," Cousins","8","2016","WAS","CIN"
" Andy"," Dalton","8","2016","CIN","WAS"
" Ryan"," Fitzpatrick","8","2016","NYJ","CLE"
" Andrew"," Luck","8","2016","IND","KC"
" Marcus"," Mariota","8","2016","TEN","JAX"
" Brock"," Osweiler","8","2016","HOU","DET"
" Carson"," Palmer","8","2016","ARI","CAR"
" Philip"," Rivers","8","2016","SD","DEN"
" Aaron"," Rodgers","8","2016","GB","ATL"
" Matt"," Ryan","8","2016","ATL","GB"
" Trevor"," Siemian","8","2016","DEN","SD"
" Alex"," Smith","8","2016","KC","IND"
" Matthew"," Stafford","8","2016","DET","HOU"
" Tyrod"," Taylor","8","2016","BUF","NE"
" Carson"," Wentz","8","2016","PHI","DAL"
" Russell"," Wilson","8","2016","SEA","NO"
" Blake"," Bortles","9","2016","JAX","KC"
" Sam"," Bradford","9","2016","MIN","DET"
" Drew"," Brees","9","2016","NO","SF"
" Derek"," Carr","9","2016","OAK","DEN"
" Ryan"," Fitzpatrick","9","2016","NYJ","MIA"
" Andrew"," Luck","9","2016","IND","GB"
" Marcus"," Mariota","9","2016","TEN","SD"
" Philip"," Rivers","9","2016","SD","TEN"
" Aaron"," Rodgers","9","2016","GB","IND"
" Matt"," Ryan","9","2016","ATL","TB"
" Trevor"," Siemian","9","2016","DEN","OAK"
" Matthew"," Stafford","9","2016","DET","MIN"
" Tyrod"," Taylor","9","2016","BUF","SEA"
" Carson"," Wentz","9","2016","PHI","NYG"
" Russell"," Wilson","9","2016","SEA","BUF"
" Jameis"," Winston","9","2016","TB","ATL"
" Blake"," Bortles","10","2016","JAX","HOU"
" Sam"," Bradford","10","2016","MIN","WAS"
" Drew"," Brees","10","2016","NO","DEN"
" Marcus"," Mariota","10","2016","TEN","GB"
" Cam"," Newton","10","2016","CAR","KC"
" Dak"," Prescott","10","2016","DAL","PIT"
" Philip"," Rivers","10","2016","SD","MIA"
" Aaron"," Rodgers","10","2016","GB","TEN"
" Matt"," Ryan","10","2016","ATL","PHI"
" Trevor"," Siemian","10","2016","DEN","NO"
" Carson"," Wentz","10","2016","PHI","ATL"
" Russell"," Wilson","10","2016","SEA","NE"
" Jameis"," Winston","10","2016","TB","CHI"
" Blake"," Bortles","11","2016","JAX","DET"
" Sam"," Bradford","11","2016","MIN","ARI"
" Drew"," Brees","11","2016","NO","CAR"
" Joe"," Flacco","11","2016","BAL","DAL"
" Colin"," Kaepernick","11","2016","SF","NE"
" Cody"," Kessler","11","2016","CLE","PIT"
" Eli"," Manning","11","2016","NYG","CHI"
" Marcus"," Mariota","11","2016","TEN","IND"
" Cam"," Newton","11","2016","CAR","NO"
" Dak"," Prescott","11","2016","DAL","BAL"
" Aaron"," Rodgers","11","2016","GB","WAS"
" Ben"," Roethlisberger","11","2016","PIT","CLE"
" Ryan"," Tannehill","11","2016","MIA","LA"
" Carson"," Wentz","11","2016","PHI","SEA"
" Russell"," Wilson","11","2016","SEA","PHI"
" Jameis"," Winston","11","2016","TB","KC"
" Blake"," Bortles","12","2016","JAX","BUF"
" Sam"," Bradford","12","2016","MIN","DET"
" Tom"," Brady","12","2016","NE","NYJ"
" Drew"," Brees","12","2016","NO","LA"
" Kirk"," Cousins","12","2016","WAS","DAL"
" Andy"," Dalton","12","2016","CIN","BAL"
" Joe"," Flacco","12","2016","BAL","CIN"
" Colin"," Kaepernick","12","2016","SF","MIA"
" Eli"," Manning","12","2016","NYG","CLE"
" Marcus"," Mariota","12","2016","TEN","CHI"
" Josh"," McCown","12","2016","CLE","NYG"
" Cam"," Newton","12","2016","CAR","OAK"
" Brock"," Osweiler","12","2016","HOU","SD"
" Carson"," Palmer","12","2016","ARI","ATL"
" Dak"," Prescott","12","2016","DAL","WAS"
" Aaron"," Rodgers","12","2016","GB","PHI"
" Ben"," Roethlisberger","12","2016","PIT","IND"
" Alex"," Smith","12","2016","KC","DEN"
" Ryan"," Tannehill","12","2016","MIA","SF"
" Carson"," Wentz","12","2016","PHI","GB"
" Russell"," Wilson","12","2016","SEA","TB"
" Jameis"," Winston","12","2016","TB","SEA"
" Blake"," Bortles","13","2016","JAX","DEN"
" Sam"," Bradford","13","2016","MIN","DAL"
" Tom"," Brady","13","2016","NE","LA"
" Drew"," Brees","13","2016","NO","DET"
" Derek"," Carr","13","2016","OAK","BUF"
" Kirk"," Cousins","13","2016","WAS","ARI"
" Andy"," Dalton","13","2016","CIN","PHI"
" Joe"," Flacco","13","2016","BAL","MIA"
" Jared"," Goff","13","2016","LA","NE"
" Colin"," Kaepernick","13","2016","SF","CHI"
" Eli"," Manning","13","2016","NYG","PIT"
" Cam"," Newton","13","2016","CAR","SEA"
" Brock"," Osweiler","13","2016","HOU","GB"
" Carson"," Palmer","13","2016","ARI","WAS"
" Dak"," Prescott","13","2016","DAL","MIN"
" Aaron"," Rodgers","13","2016","GB","HOU"
" Ben"," Roethlisberger","13","2016","PIT","NYG"
" Alex"," Smith","13","2016","KC","ATL"
" Matthew"," Stafford","13","2016","DET","NO"
" Ryan"," Tannehill","13","2016","MIA","BAL"
" Tyrod"," Taylor","13","2016","BUF","OAK"
" Carson"," Wentz","13","2016","PHI","CIN"
" Russell"," Wilson","13","2016","SEA","CAR"
" Jameis"," Winston","13","2016","TB","SD"
" Matt"," Barkley","14","2016","CHI","DET"
" Blake"," Bortles","14","2016","JAX","MIN"
" Sam"," Bradford","14","2016","MIN","JAX"
" Tom"," Brady","14","2016","NE","BAL"
" Drew"," Brees","14","2016","NO","TB"
" Derek"," Carr","14","2016","OAK","KC"
" Kirk"," Cousins","14","2016","WAS","PHI"
" Andy"," Dalton","14","2016","CIN","CLE"
" Joe"," Flacco","14","2016","BAL","NE"
" Jared"," Goff","14","2016","LA","ATL"
" Colin"," Kaepernick","14","2016","SF","NYJ"
" Eli"," Manning","14","2016","NYG","DAL"
" Cam"," Newton","14","2016","CAR","SD"
" Brock"," Osweiler","14","2016","HOU","IND"
" Carson"," Palmer","14","2016","ARI","MIA"
" Dak"," Prescott","14","2016","DAL","NYG"
" Philip"," Rivers","14","2016","SD","CAR"
" Aaron"," Rodgers","14","2016","GB","SEA"
" Ben"," Roethlisberger","14","2016","PIT","BUF"
" Matt"," Ryan","14","2016","ATL","LA"
" Alex"," Smith","14","2016","KC","OAK"
" Matthew"," Stafford","14","2016","DET","CHI"
" Ryan"," Tannehill","14","2016","MIA","ARI"
" Tyrod"," Taylor","14","2016","BUF","PIT"
" Carson"," Wentz","14","2016","PHI","WAS"
" Russell"," Wilson","14","2016","SEA","GB"
" Jameis"," Winston","14","2016","TB","NO"
" Matt"," Barkley","15","2016","CHI","GB"
" Blake"," Bortles","15","2016","JAX","HOU"
" Sam"," Bradford","15","2016","MIN","IND"
" Tom"," Brady","15","2016","NE","DEN"
" Drew"," Brees","15","2016","NO","ARI"
" Derek"," Carr","15","2016","OAK","SD"
" Kirk"," Cousins","15","2016","WAS","CAR"
" Andy"," Dalton","15","2016","CIN","PIT"
" Joe"," Flacco","15","2016","BAL","PHI"
" Jared"," Goff","15","2016","LA","SEA"
" Colin"," Kaepernick","15","2016","SF","ATL"
" Andrew"," Luck","15","2016","IND","MIN"
" Eli"," Manning","15","2016","NYG","DET"
" Cam"," Newton","15","2016","CAR","WAS"
" Brock"," Osweiler","15","2016","HOU","JAX"
" Carson"," Palmer","15","2016","ARI","NO"
" Dak"," Prescott","15","2016","DAL","TB"
" Philip"," Rivers","15","2016","SD","OAK"
" Aaron"," Rodgers","15","2016","GB","CHI"
" Ben"," Roethlisberger","15","2016","PIT","CIN"
" Matt"," Ryan","15","2016","ATL","SF"
" Alex"," Smith","15","2016","KC","TEN"
" Matthew"," Stafford","15","2016","DET","NYG"
" Tyrod"," Taylor","15","2016","BUF","CLE"
" Carson"," Wentz","15","2016","PHI","BAL"
" Russell"," Wilson","15","2016","SEA","LA"
" Jameis"," Winston","15","2016","TB","DAL"
" Matt"," Barkley","16","2016","CHI","WAS"
" Blake"," Bortles","16","2016","JAX","TEN"
" Sam"," Bradford","16","2016","MIN","GB"
" Tom"," Brady","16","2016","NE","NYJ"
" Drew"," Brees","16","2016","NO","TB"
" Derek"," Carr","16","2016","OAK","IND"
" Kirk"," Cousins","16","2016","WAS","CHI"
" Andy"," Dalton","16","2016","CIN","HOU"
" Joe"," Flacco","16","2016","BAL","PIT"
" Jared"," Goff","16","2016","LA","SF"
" Colin"," Kaepernick","16","2016","SF","LA"
" Andrew"," Luck","16","2016","IND","OAK"
" Eli"," Manning","16","2016","NYG","PHI"
" Marcus"," Mariota","16","2016","TEN","JAX"
" Cam"," Newton","16","2016","CAR","ATL"
" Carson"," Palmer","16","2016","ARI","SEA"
" Dak"," Prescott","16","2016","DAL","DET"
" Philip"," Rivers","16","2016","SD","CLE"
" Aaron"," Rodgers","16","2016","GB","MIN"
" Ben"," Roethlisberger","16","2016","PIT","BAL"
" Matt"," Ryan","16","2016","ATL","CAR"
" Trevor"," Siemian","16","2016","DEN","KC"
" Alex"," Smith","16","2016","KC","DEN"
" Matthew"," Stafford","16","2016","DET","DAL"
" Tyrod"," Taylor","16","2016","BUF","MIA"
" Carson"," Wentz","16","2016","PHI","NYG"
" Russell"," Wilson","16","2016","SEA","ARI"
" Jameis"," Winston","16","2016","TB","NO"
" Matt"," Barkley","17","2016","CHI","MIN"
" Blake"," Bortles","17","2016","JAX","IND"
" Sam"," Bradford","17","2016","MIN","CHI"
" Tom"," Brady","17","2016","NE","MIA"
" Drew"," Brees","17","2016","NO","ATL"
" Kirk"," Cousins","17","2016","WAS","NYG"
" Andy"," Dalton","17","2016","CIN","BAL"
" Ryan"," Fitzpatrick","17","2016","NYJ","BUF"
" Joe"," Flacco","17","2016","BAL","CIN"
" Jared"," Goff","17","2016","LA","ARI"
" Colin"," Kaepernick","17","2016","SF","SEA"
" Andrew"," Luck","17","2016","IND","JAX"
" Eli"," Manning","17","2016","NYG","WAS"
" Cam"," Newton","17","2016","CAR","TB"
" Carson"," Palmer","17","2016","ARI","LA"
" Dak"," Prescott","17","2016","DAL","PHI"
" Philip"," Rivers","17","2016","SD","KC"
" Aaron"," Rodgers","17","2016","GB","DET"
" Matt"," Ryan","17","2016","ATL","NO"
" Trevor"," Siemian","17","2016","DEN","OAK"
" Alex"," Smith","17","2016","KC","SD"
" Matthew"," Stafford","17","2016","DET","GB"
" Carson"," Wentz","17","2016","PHI","DAL"
" Russell"," Wilson","17","2016","SEA","SF"
" Jameis"," Winston","17","2016","TB","CAR"
" Blake"," Bortles","3","2017","JAX","BAL"
" Tom"," Brady","3","2017","NE","HOU"
" Drew"," Brees","3","2017","NO","CAR"
" Jacoby"," Brissett","3","2017","IND","CLE"
" Derek"," Carr","3","2017","OAK","WAS"
" Kirk"," Cousins","3","2017","WAS","OAK"
" Andy"," Dalton","3","2017","CIN","GB"
" Joe"," Flacco","3","2017","BAL","JAX"
" Jared"," Goff","3","2017","LA","SF"
" Brian"," Hoyer","3","2017","SF","LA"
" DeShone"," Kizer","3","2017","CLE","IND"
" Eli"," Manning","3","2017","NYG","PHI"
" Marcus"," Mariota","3","2017","TEN","SEA"
" Josh"," McCown","3","2017","NYJ","MIA"
" Cam"," Newton","3","2017","CAR","NO"
" Carson"," Palmer","3","2017","ARI","DAL"
" Dak"," Prescott","3","2017","DAL","ARI"
" Philip"," Rivers","3","2017","LAC","KC"
" Aaron"," Rodgers","3","2017","GB","CIN"
" Ben"," Roethlisberger","3","2017","PIT","CHI"
" Matt"," Ryan","3","2017","ATL","DET"
" Trevor"," Siemian","3","2017","DEN","BUF"
" Alex"," Smith","3","2017","KC","LAC"
" Matthew"," Stafford","3","2017","DET","ATL"
" Tyrod"," Taylor","3","2017","BUF","DEN"
" Deshaun"," Watson","3","2017","HOU","NE"
" Carson"," Wentz","3","2017","PHI","NYG"
" Russell"," Wilson","3","2017","SEA","TEN"
" Blake"," Bortles","4","2017","JAX","NYJ"
" Tom"," Brady","4","2017","NE","CAR"
" Drew"," Brees","4","2017","NO","MIA"
" Jacoby"," Brissett","4","2017","IND","SEA"
" Derek"," Carr","4","2017","OAK","DEN"
" Kirk"," Cousins","4","2017","WAS","KC"
" Jay"," Cutler","4","2017","MIA","NO"
" Andy"," Dalton","4","2017","CIN","CLE"
" Joe"," Flacco","4","2017","BAL","PIT"
" Jared"," Goff","4","2017","LA","DAL"
" Brian"," Hoyer","4","2017","SF","ARI"
" Case"," Keenum","4","2017","MIN","DET"
" DeShone"," Kizer","4","2017","CLE","CIN"
" Eli"," Manning","4","2017","NYG","TB"
" Marcus"," Mariota","4","2017","TEN","HOU"
" Josh"," McCown","4","2017","NYJ","JAX"
" Cam"," Newton","4","2017","CAR","NE"
" Carson"," Palmer","4","2017","ARI","SF"
" Dak"," Prescott","4","2017","DAL","LA"
" Philip"," Rivers","4","2017","LAC","PHI"
" Aaron"," Rodgers","4","2017","GB","CHI"
" Ben"," Roethlisberger","4","2017","PIT","BAL"
" Matt"," Ryan","4","2017","ATL","BUF"
" Trevor"," Siemian","4","2017","DEN","OAK"
" Alex"," Smith","4","2017","KC","WAS"
" Matthew"," Stafford","4","2017","DET","MIN"
" Tyrod"," Taylor","4","2017","BUF","ATL"
" Deshaun"," Watson","4","2017","HOU","TEN"
" Carson"," Wentz","4","2017","PHI","LAC"
" Russell"," Wilson","4","2017","SEA","IND"
" Jameis"," Winston","4","2017","TB","NYG"
" Blake"," Bortles","5","2017","JAX","PIT"
" Tom"," Brady","5","2017","NE","TB"
" Jacoby"," Brissett","5","2017","IND","SF"
" Jay"," Cutler","5","2017","MIA","TEN"
" Andy"," Dalton","5","2017","CIN","BUF"
" Joe"," Flacco","5","2017","BAL","OAK"
" Jared"," Goff","5","2017","LA","SEA"
" Brian"," Hoyer","5","2017","SF","IND"
" Case"," Keenum","5","2017","MIN","CHI"
" DeShone"," Kizer","5","2017","CLE","NYJ"
" Eli"," Manning","5","2017","NYG","LAC"
" Josh"," McCown","5","2017","NYJ","CLE"
" Cam"," Newton","5","2017","CAR","DET"
" Carson"," Palmer","5","2017","ARI","PHI"
" Dak"," Prescott","5","2017","DAL","GB"
" Philip"," Rivers","5","2017","LAC","NYG"
" Aaron"," Rodgers","5","2017","GB","DAL"
" Ben"," Roethlisberger","5","2017","PIT","JAX"
" Alex"," Smith","5","2017","KC","HOU"
" Matthew"," Stafford","5","2017","DET","CAR"
" Tyrod"," Taylor","5","2017","BUF","CIN"
" Deshaun"," Watson","5","2017","HOU","KC"
" Carson"," Wentz","5","2017","PHI","ARI"
" Russell"," Wilson","5","2017","SEA","LA"
" Jameis"," Winston","5","2017","TB","NE"
" Blake"," Bortles","6","2017","JAX","LA"
" Tom"," Brady","6","2017","NE","NYJ"
" Jacoby"," Brissett","6","2017","IND","TEN"
" Jay"," Cutler","6","2017","MIA","ATL"
" Joe"," Flacco","6","2017","BAL","CHI"
" Jared"," Goff","6","2017","LA","JAX"
" Brian"," Hoyer","6","2017","SF","WAS"
" Case"," Keenum","6","2017","MIN","GB"
" Eli"," Manning","6","2017","NYG","DEN"
" Josh"," McCown","6","2017","NYJ","NE"
" Cam"," Newton","6","2017","CAR","PHI"
" Carson"," Palmer","6","2017","ARI","TB"
" Philip"," Rivers","6","2017","LAC","OAK"
" Aaron"," Rodgers","6","2017","GB","MIN"
" Ben"," Roethlisberger","6","2017","PIT","KC"
" Alex"," Smith","6","2017","KC","PIT"
" Matthew"," Stafford","6","2017","DET","NO"
" Deshaun"," Watson","6","2017","HOU","CLE"
" Carson"," Wentz","6","2017","PHI","CAR"
" Jameis"," Winston","6","2017","TB","ARI"
" Blake"," Bortles","7","2017","JAX","IND"
" Tom"," Brady","7","2017","NE","ATL"
" Jacoby"," Brissett","7","2017","IND","JAX"
" Jay"," Cutler","7","2017","MIA","NYJ"
" Joe"," Flacco","7","2017","BAL","MIN"
" Jared"," Goff","7","2017","LA","ARI"
" Case"," Keenum","7","2017","MIN","BAL"
" Eli"," Manning","7","2017","NYG","SEA"
" Josh"," McCown","7","2017","NYJ","MIA"
" Cam"," Newton","7","2017","CAR","CHI"
" Carson"," Palmer","7","2017","ARI","LA"
" Philip"," Rivers","7","2017","LAC","DEN"
" Ben"," Roethlisberger","7","2017","PIT","CIN"
" Alex"," Smith","7","2017","KC","OAK"
" Mitchell"," Trubisky","7","2017","CHI","CAR"
" Carson"," Wentz","7","2017","PHI","WAS"
" Jameis"," Winston","7","2017","TB","BUF"
" CJ"," Beathard","8","2017","SF","PHI"
" Tom"," Brady","8","2017","NE","LAC"
" Drew"," Brees","8","2017","NO","CHI"
" Jacoby"," Brissett","8","2017","IND","CIN"
" Derek"," Carr","8","2017","OAK","BUF"
" Kirk"," Cousins","8","2017","WAS","DAL"
" Joe"," Flacco","8","2017","BAL","MIA"
" Case"," Keenum","8","2017","MIN","CLE"
" Josh"," McCown","8","2017","NYJ","ATL"
" Cam"," Newton","8","2017","CAR","TB"
" Philip"," Rivers","8","2017","LAC","NE"
" Ben"," Roethlisberger","8","2017","PIT","DET"
" Matt"," Ryan","8","2017","ATL","NYJ"
" Trevor"," Siemian","8","2017","DEN","KC"
" Alex"," Smith","8","2017","KC","DEN"
" Mitchell"," Trubisky","8","2017","CHI","NO"
" Carson"," Wentz","8","2017","PHI","SF"
" Jameis"," Winston","8","2017","TB","CAR"
" CJ"," Beathard","9","2017","SF","ARI"
" Drew"," Brees","9","2017","NO","TB"
" Jacoby"," Brissett","9","2017","IND","HOU"
" Derek"," Carr","9","2017","OAK","MIA"
" Kirk"," Cousins","9","2017","WAS","SEA"
" Andy"," Dalton","9","2017","CIN","JAX"
" Joe"," Flacco","9","2017","BAL","TEN"
" Josh"," McCown","9","2017","NYJ","BUF"
" Cam"," Newton","9","2017","CAR","ATL"
" Dak"," Prescott","9","2017","DAL","KC"
" Matt"," Ryan","9","2017","ATL","CAR"
" Alex"," Smith","9","2017","KC","DAL"
" Tyrod"," Taylor","9","2017","BUF","NYJ"
" Carson"," Wentz","9","2017","PHI","DEN"
" Russell"," Wilson","9","2017","SEA","WAS"
" Jameis"," Winston","9","2017","TB","NO"
" CJ"," Beathard","10","2017","SF","NYG"
" Drew"," Brees","10","2017","NO","BUF"
" Jacoby"," Brissett","10","2017","IND","PIT"
" Kirk"," Cousins","10","2017","WAS","MIN"
" Andy"," Dalton","10","2017","CIN","TEN"
" Josh"," McCown","10","2017","NYJ","TB"
" Cam"," Newton","10","2017","CAR","MIA"
" Dak"," Prescott","10","2017","DAL","ATL"
" Matt"," Ryan","10","2017","ATL","DAL"
" Matthew"," Stafford","10","2017","DET","CLE"
" Tyrod"," Taylor","10","2017","BUF","NO"
" Russell"," Wilson","10","2017","SEA","ARI"
" Blake"," Bortles","11","2017","JAX","CLE"
" Drew"," Brees","11","2017","NO","WAS"
" Kirk"," Cousins","11","2017","WAS","NO"
" Jay"," Cutler","11","2017","MIA","TB"
" Andy"," Dalton","11","2017","CIN","DEN"
" Ryan"," Fitzpatrick","11","2017","TB","MIA"
" Jared"," Goff","11","2017","LA","MIN"
" Brett"," Hundley","11","2017","GB","BAL"
" Eli"," Manning","11","2017","NYG","KC"
" Marcus"," Mariota","11","2017","TEN","PIT"
" Dak"," Prescott","11","2017","DAL","PHI"
" Matt"," Ryan","11","2017","ATL","SEA"
" Tom"," Savage","11","2017","HOU","ARI"
" Matthew"," Stafford","11","2017","DET","CHI"
" Tyrod"," Taylor","11","2017","BUF","LAC"
" Russell"," Wilson","11","2017","SEA","ATL"
" Blake"," Bortles","12","2017","JAX","ARI"
" Tom"," Brady","12","2017","NE","MIA"
" Drew"," Brees","12","2017","NO","LA"
" Kirk"," Cousins","12","2017","WAS","NYG"
" Andy"," Dalton","12","2017","CIN","CLE"
" Ryan"," Fitzpatrick","12","2017","TB","ATL"
" Jared"," Goff","12","2017","LA","NO"
" Brett"," Hundley","12","2017","GB","PIT"
" Case"," Keenum","12","2017","MIN","DET"
" DeShone"," Kizer","12","2017","CLE","CIN"
" Eli"," Manning","12","2017","NYG","WAS"
" Marcus"," Mariota","12","2017","TEN","IND"
" Dak"," Prescott","12","2017","DAL","LAC"
" Philip"," Rivers","12","2017","LAC","DAL"
" Ben"," Roethlisberger","12","2017","PIT","GB"
" Matt"," Ryan","12","2017","ATL","TB"
" Tom"," Savage","12","2017","HOU","BAL"
" Matthew"," Stafford","12","2017","DET","MIN"
" Tyrod"," Taylor","12","2017","BUF","KC"
" Mitchell"," Trubisky","12","2017","CHI","PHI"
" Russell"," Wilson","12","2017","SEA","SF"
" Blake"," Bortles","13","2017","JAX","IND"
" Tom"," Brady","13","2017","NE","BUF"
" Drew"," Brees","13","2017","NO","CAR"
" Derek"," Carr","13","2017","OAK","NYG"
" Kirk"," Cousins","13","2017","WAS","DAL"
" Andy"," Dalton","13","2017","CIN","PIT"
" Joe"," Flacco","13","2017","BAL","DET"
" Jared"," Goff","13","2017","LA","ARI"
" Brett"," Hundley","13","2017","GB","TB"
" Case"," Keenum","13","2017","MIN","ATL"
" DeShone"," Kizer","13","2017","CLE","LAC"
" Marcus"," Mariota","13","2017","TEN","HOU"
" Dak"," Prescott","13","2017","DAL","WAS"
" Philip"," Rivers","13","2017","LAC","CLE"
" Ben"," Roethlisberger","13","2017","PIT","CIN"
" Matt"," Ryan","13","2017","ATL","MIN"
" Tom"," Savage","13","2017","HOU","TEN"
" Alex"," Smith","13","2017","KC","NYJ"
" Matthew"," Stafford","13","2017","DET","BAL"
" Tyrod"," Taylor","13","2017","BUF","NE"
" Mitchell"," Trubisky","13","2017","CHI","SF"
" Carson"," Wentz","13","2017","PHI","SEA"
" Russell"," Wilson","13","2017","SEA","PHI"
" Blake"," Bortles","14","2017","JAX","SEA"
" Tom"," Brady","14","2017","NE","MIA"
" Drew"," Brees","14","2017","NO","ATL"
" Jacoby"," Brissett","14","2017","IND","BUF"
" Derek"," Carr","14","2017","OAK","KC"
" Kirk"," Cousins","14","2017","WAS","LAC"
" Andy"," Dalton","14","2017","CIN","CHI"
" Joe"," Flacco","14","2017","BAL","PIT"
" Jared"," Goff","14","2017","LA","PHI"
" Brett"," Hundley","14","2017","GB","CLE"
" Case"," Keenum","14","2017","MIN","CAR"
" DeShone"," Kizer","14","2017","CLE","GB"
" Marcus"," Mariota","14","2017","TEN","ARI"
" Josh"," McCown","14","2017","NYJ","DEN"
" Cam"," Newton","14","2017","CAR","MIN"
" Dak"," Prescott","14","2017","DAL","NYG"
" Philip"," Rivers","14","2017","LAC","WAS"
" Ben"," Roethlisberger","14","2017","PIT","BAL"
" Matt"," Ryan","14","2017","ATL","NO"
" Tom"," Savage","14","2017","HOU","SF"
" Trevor"," Siemian","14","2017","DEN","NYJ"
" Alex"," Smith","14","2017","KC","OAK"
" Matthew"," Stafford","14","2017","DET","TB"
" Mitchell"," Trubisky","14","2017","CHI","CIN"
" Carson"," Wentz","14","2017","PHI","LA"
" Russell"," Wilson","14","2017","SEA","JAX"
" Blake"," Bortles","15","2017","JAX","HOU"
" Tom"," Brady","15","2017","NE","PIT"
" Drew"," Brees","15","2017","NO","NYJ"
" Jacoby"," Brissett","15","2017","IND","DEN"
" Derek"," Carr","15","2017","OAK","DAL"
" Kirk"," Cousins","15","2017","WAS","ARI"
" Jay"," Cutler","15","2017","MIA","BUF"
" Andy"," Dalton","15","2017","CIN","MIN"
" Joe"," Flacco","15","2017","BAL","CLE"
" Jared"," Goff","15","2017","LA","SEA"
" Case"," Keenum","15","2017","MIN","CIN"
" DeShone"," Kizer","15","2017","CLE","BAL"
" Marcus"," Mariota","15","2017","TEN","SF"
" Cam"," Newton","15","2017","CAR","GB"
" Dak"," Prescott","15","2017","DAL","OAK"
" Philip"," Rivers","15","2017","LAC","KC"
" Ben"," Roethlisberger","15","2017","PIT","NE"
" Matt"," Ryan","15","2017","ATL","TB"
" Trevor"," Siemian","15","2017","DEN","IND"
" Alex"," Smith","15","2017","KC","LAC"
" Matthew"," Stafford","15","2017","DET","CHI"
" Mitchell"," Trubisky","15","2017","CHI","DET"
" Russell"," Wilson","15","2017","SEA","LA"
" Jameis"," Winston","15","2017","TB","ATL"
" Blake"," Bortles","16","2017","JAX","SF"
" Tom"," Brady","16","2017","NE","BUF"
" Drew"," Brees","16","2017","NO","ATL"
" Jacoby"," Brissett","16","2017","IND","BAL"
" Derek"," Carr","16","2017","OAK","PHI"
" Kirk"," Cousins","16","2017","WAS","DEN"
" Jay"," Cutler","16","2017","MIA","KC"
" Andy"," Dalton","16","2017","CIN","DET"
" Joe"," Flacco","16","2017","BAL","IND"
" Nick"," Foles","16","2017","PHI","OAK"
" Jared"," Goff","16","2017","LA","TEN"
" Case"," Keenum","16","2017","MIN","GB"
" DeShone"," Kizer","16","2017","CLE","CHI"
" Eli"," Manning","16","2017","NYG","ARI"
" Marcus"," Mariota","16","2017","TEN","LA"
" Cam"," Newton","16","2017","CAR","TB"
" Dak"," Prescott","16","2017","DAL","SEA"
" Philip"," Rivers","16","2017","LAC","NYJ"
" Ben"," Roethlisberger","16","2017","PIT","HOU"
" Matt"," Ryan","16","2017","ATL","NO"
" Alex"," Smith","16","2017","KC","MIA"
" Matthew"," Stafford","16","2017","DET","CIN"
" Mitchell"," Trubisky","16","2017","CHI","CLE"
" Russell"," Wilson","16","2017","SEA","DAL"
" Jameis"," Winston","16","2017","TB","CAR"
" Blake"," Bortles","17","2017","JAX","TEN"
" Tom"," Brady","17","2017","NE","NYJ"
" Drew"," Brees","17","2017","NO","TB"
" Jacoby"," Brissett","17","2017","IND","HOU"
" Derek"," Carr","17","2017","OAK","LAC"
" Kirk"," Cousins","17","2017","WAS","NYG"
" Jay"," Cutler","17","2017","MIA","BUF"
" Andy"," Dalton","17","2017","CIN","BAL"
" Joe"," Flacco","17","2017","BAL","CIN"
" Nick"," Foles","17","2017","PHI","DAL"
" Case"," Keenum","17","2017","MIN","CHI"
" DeShone"," Kizer","17","2017","CLE","PIT"
" Eli"," Manning","17","2017","NYG","WAS"
" Marcus"," Mariota","17","2017","TEN","JAX"
" Cam"," Newton","17","2017","CAR","ATL"
" Dak"," Prescott","17","2017","DAL","PHI"
" Philip"," Rivers","17","2017","LAC","OAK"
" Matt"," Ryan","17","2017","ATL","CAR"
" Matthew"," Stafford","17","2017","DET","GB"
" Tyrod"," Taylor","17","2017","BUF","MIA"
" Mitchell"," Trubisky","17","2017","CHI","MIN"
" Russell"," Wilson","17","2017","SEA","ARI"
" Jameis"," Winston","17","2017","TB","NO"
